session_id,user_id,session_score,session_confidence,old_profile,updated_profile,alpha,aggregation_status
S_P_098f93b00b,P_098f93b00b,"{""personality_agreeableness"": 87.8044, ""personality_conscientiousness"": 91.731, ""personality_extraversion"": 21.3824, ""personality_neuroticism"": 10.7097, ""personality_openness"": 63.3769}",0.6583,"{""personality_agreeableness"": 50.0, ""personality_conscientiousness"": 50.0, ""personality_extraversion"": 50.0, ""personality_neuroticism"": 50.0, ""personality_openness"": 50.0}","{""personality_agreeableness"": 57.56, ""personality_conscientiousness"": 58.35, ""personality_extraversion"": 44.28, ""personality_neuroticism"": 42.14, ""personality_openness"": 52.68}",0.2,ok
S_P_0a4943debf,P_0a4943debf,"{""personality_agreeableness"": 76.4762, ""personality_conscientiousness"": 84.5793, ""personality_extraversion"": 7.9068, ""personality_neuroticism"": 23.274, ""personality_openness"": 48.3421}",0.562,"{""personality_agreeableness"": 50.0, ""personality_conscientiousness"": 50.0, ""personality_extraversion"": 50.0, ""personality_neuroticism"": 50.0, ""personality_openness"": 50.0}","{""personality_agreeableness"": 55.3, ""personality_conscientiousness"": 56.92, ""personality_extraversion"": 41.58, ""personality_neuroticism"": 44.65, ""personality_openness"": 49.67}",0.2,ok
S_P_0c7737dd1e,P_0c7737dd1e,"{""personality_agreeableness"": 74.6118, ""personality_conscientiousness"": 94.7609, ""personality_extraversion"": 15.7659, ""personality_neuroticism"": 21.9096, ""personality_openness"": 59.6076}",0.5717,"{""personality_agreeableness"": 50.0, ""personality_conscientiousness"": 50.0, ""personality_extraversion"": 50.0, ""personality_neuroticism"": 50.0, ""personality_openness"": 50.0}","{""personality_agreeableness"": 54.92, ""personality_conscientiousness"": 58.95, ""personality_extraversion"": 43.15, ""personality_neuroticism"": 44.38, ""personality_openness"": 51.92}",0.2,ok
S_P_0fd14d7617,P_0fd14d7617,"{""personality_agreeableness"": 68.6574, ""personality_conscientiousness"": 87.5766, ""personality_extraversion"": 24.5189, ""personality_neuroticism"": 30.0, ""personality_openness"": 67.5969}",0.61,"{""personality_agreeableness"": 50.0, ""personality_conscientiousness"": 50.0, ""personality_extraversion"": 50.0, ""personality_neuroticism"": 50.0, ""personality_openness"": 50.0}","{""personality_agreeableness"": 53.73, ""personality_conscientiousness"": 57.52, ""personality_extraversion"": 44.9, ""personality_neuroticism"": 46.0, ""personality_openness"": 53.52}",0.2,ok
S_P_12fae91e7c,P_12fae91e7c,"{""personality_agreeableness"": 78.2355, ""personality_conscientiousness"": 94.7719, ""personality_extraversion"": 9.3633, ""personality_neuroticism"": 21.5373, ""personality_openness"": 58.7462}",0.5583,"{""personality_agreeableness"": 50.0, ""personality_conscientiousness"": 50.0, ""personality_extraversion"": 50.0, ""personality_neuroticism"": 50.0, ""personality_openness"": 50.0}","{""personality_agreeableness"": 55.65, ""personality_conscientiousness"": 58.95, ""personality_extraversion"": 41.87, ""personality_neuroticism"": 44.31, ""personality_openness"": 51.75}",0.2,ok
S_P_1b72b1682e,P_1b72b1682e,"{""personality_agreeableness"": 77.8732, ""personality_conscientiousness"": 92.4308, ""personality_extraversion"": 17.2205, ""personality_neuroticism"": 20.4111, ""personality_openness"": 60.7514}",0.6283,"{""personality_agreeableness"": 50.0, ""personality_conscientiousness"": 50.0, ""personality_extraversion"": 50.0, ""personality_neuroticism"": 50.0, ""personality_openness"": 50.0}","{""personality_agreeableness"": 55.57, ""personality_conscientiousness"": 58.49, ""personality_extraversion"": 43.44, ""personality_neuroticism"": 44.08, ""personality_openness"": 52.15}",0.2,ok
S_P_261360968e,P_261360968e,"{""personality_agreeableness"": 78.6332, ""personality_conscientiousness"": 91.1565, ""personality_extraversion"": 16.2297, ""personality_neuroticism"": 21.5824, ""personality_openness"": 62.9186}",0.6267,"{""personality_agreeableness"": 50.0, ""personality_conscientiousness"": 50.0, ""personality_extraversion"": 50.0, ""personality_neuroticism"": 50.0, ""personality_openness"": 50.0}","{""personality_agreeableness"": 55.73, ""personality_conscientiousness"": 58.23, ""personality_extraversion"": 43.25, ""personality_neuroticism"": 44.32, ""personality_openness"": 52.58}",0.2,ok
S_P_2b8083dbc2,P_2b8083dbc2,"{""personality_agreeableness"": 100.0, ""personality_conscientiousness"": 100.0, ""personality_extraversion"": 26.6, ""personality_neuroticism"": 0.0, ""personality_openness"": 65.6}",0.77,"{""personality_agreeableness"": 50.0, ""personality_conscientiousness"": 50.0, ""personality_extraversion"": 50.0, ""personality_neuroticism"": 50.0, ""personality_openness"": 50.0}","{""personality_agreeableness"": 60.0, ""personality_conscientiousness"": 60.0, ""personality_extraversion"": 45.32, ""personality_neuroticism"": 40.0, ""personality_openness"": 53.12}",0.2,ok
S_P_2d1ba28571,P_2d1ba28571,"{""personality_agreeableness"": 69.7095, ""personality_conscientiousness"": 91.3582, ""personality_extraversion"": 17.2713, ""personality_neuroticism"": 28.5246, ""personality_openness"": 61.217}",0.61,"{""personality_agreeableness"": 50.0, ""personality_conscientiousness"": 50.0, ""personality_extraversion"": 50.0, ""personality_neuroticism"": 50.0, ""personality_openness"": 50.0}","{""personality_agreeableness"": 53.94, ""personality_conscientiousness"": 58.27, ""personality_extraversion"": 43.45, ""personality_neuroticism"": 45.7, ""personality_openness"": 52.24}",0.2,ok
S_P_317143adf5,P_317143adf5,"{""personality_agreeableness"": 75.0325, ""personality_conscientiousness"": 86.1211, ""personality_extraversion"": 22.8365, ""personality_neuroticism"": 24.3516, ""personality_openness"": 60.4953}",0.6233,"{""personality_agreeableness"": 50.0, ""personality_conscientiousness"": 50.0, ""personality_extraversion"": 50.0, ""personality_neuroticism"": 50.0, ""personality_openness"": 50.0}","{""personality_agreeableness"": 55.01, ""personality_conscientiousness"": 57.22, ""personality_extraversion"": 44.57, ""personality_neuroticism"": 44.87, ""personality_openness"": 52.1}",0.2,ok
S_P_3a2fbfd105,P_3a2fbfd105,"{""personality_agreeableness"": 71.5873, ""personality_conscientiousness"": 93.5217, ""personality_extraversion"": 9.9077, ""personality_neuroticism"": 28.6919, ""personality_openness"": 60.6792}",0.5733,"{""personality_agreeableness"": 50.0, ""personality_conscientiousness"": 50.0, ""personality_extraversion"": 50.0, ""personality_neuroticism"": 50.0, ""personality_openness"": 50.0}","{""personality_agreeableness"": 54.32, ""personality_conscientiousness"": 58.7, ""personality_extraversion"": 41.98, ""personality_neuroticism"": 45.74, ""personality_openness"": 52.14}",0.2,ok
S_P_3bc017602d,P_3bc017602d,"{""personality_agreeableness"": 76.2219, ""personality_conscientiousness"": 93.5404, ""personality_extraversion"": 12.9075, ""personality_neuroticism"": 21.9565, ""personality_openness"": 60.3639}",0.575,"{""personality_agreeableness"": 50.0, ""personality_conscientiousness"": 50.0, ""personality_extraversion"": 50.0, ""personality_neuroticism"": 50.0, ""personality_openness"": 50.0}","{""personality_agreeableness"": 55.24, ""personality_conscientiousness"": 58.71, ""personality_extraversion"": 42.58, ""personality_neuroticism"": 44.39, ""personality_openness"": 52.07}",0.2,ok
S_P_41b64c1244,P_41b64c1244,"{""personality_agreeableness"": 89.0555, ""personality_conscientiousness"": 95.9386, ""personality_extraversion"": 14.0029, ""personality_neuroticism"": 8.7883, ""personality_openness"": 60.6874}",0.6117,"{""personality_agreeableness"": 50.0, ""personality_conscientiousness"": 50.0, ""personality_extraversion"": 50.0, ""personality_neuroticism"": 50.0, ""personality_openness"": 50.0}","{""personality_agreeableness"": 57.81, ""personality_conscientiousness"": 59.19, ""personality_extraversion"": 42.8, ""personality_neuroticism"": 41.76, ""personality_openness"": 52.14}",0.2,ok
S_P_4674ab2c43,P_4674ab2c43,"{""personality_agreeableness"": 82.7362, ""personality_conscientiousness"": 96.5191, ""personality_extraversion"": 13.8107, ""personality_neuroticism"": 14.1429, ""personality_openness"": 62.8513}",0.5833,"{""personality_agreeableness"": 50.0, ""personality_conscientiousness"": 50.0, ""personality_extraversion"": 50.0, ""personality_neuroticism"": 50.0, ""personality_openness"": 50.0}","{""personality_agreeableness"": 56.55, ""personality_conscientiousness"": 59.3, ""personality_extraversion"": 42.76, ""personality_neuroticism"": 42.83, ""personality_openness"": 52.57}",0.2,ok
S_P_468446e947,P_468446e947,"{""personality_agreeableness"": 91.8171, ""personality_conscientiousness"": 95.0169, ""personality_extraversion"": 16.135, ""personality_neuroticism"": 6.7949, ""personality_openness"": 62.6015}",0.585,"{""personality_agreeableness"": 50.0, ""personality_conscientiousness"": 50.0, ""personality_extraversion"": 50.0, ""personality_neuroticism"": 50.0, ""personality_openness"": 50.0}","{""personality_agreeableness"": 58.36, ""personality_conscientiousness"": 59.0, ""personality_extraversion"": 43.23, ""personality_neuroticism"": 41.36, ""personality_openness"": 52.52}",0.2,ok
S_P_4c7499a8e1,P_4c7499a8e1,"{""personality_agreeableness"": 76.9368, ""personality_conscientiousness"": 92.8672, ""personality_extraversion"": 10.3718, ""personality_neuroticism"": 21.8389, ""personality_openness"": 57.9574}",0.5483,"{""personality_agreeableness"": 50.0, ""personality_conscientiousness"": 50.0, ""personality_extraversion"": 50.0, ""personality_neuroticism"": 50.0, ""personality_openness"": 50.0}","{""personality_agreeableness"": 55.39, ""personality_conscientiousness"": 58.57, ""personality_extraversion"": 42.07, ""personality_neuroticism"": 44.37, ""personality_openness"": 51.59}",0.2,ok
S_P_4cbb7f1057,P_4cbb7f1057,"{""personality_agreeableness"": 82.0611, ""personality_conscientiousness"": 91.2841, ""personality_extraversion"": 19.2462, ""personality_neuroticism"": 15.7745, ""personality_openness"": 61.1787}",0.6133,"{""personality_agreeableness"": 50.0, ""personality_conscientiousness"": 50.0, ""personality_extraversion"": 50.0, ""personality_neuroticism"": 50.0, ""personality_openness"": 50.0}","{""personality_agreeableness"": 56.41, ""personality_conscientiousness"": 58.26, ""personality_extraversion"": 43.85, ""personality_neuroticism"": 43.15, ""personality_openness"": 52.24}",0.2,ok
S_P_5a3e4b9932,P_5a3e4b9932,"{""personality_agreeableness"": 81.5702, ""personality_conscientiousness"": 94.9634, ""personality_extraversion"": 15.5364, ""personality_neuroticism"": 16.8544, ""personality_openness"": 60.981}",0.6067,"{""personality_agreeableness"": 50.0, ""personality_conscientiousness"": 50.0, ""personality_extraversion"": 50.0, ""personality_neuroticism"": 50.0, ""personality_openness"": 50.0}","{""personality_agreeableness"": 56.31, ""personality_conscientiousness"": 58.99, ""personality_extraversion"": 43.11, ""personality_neuroticism"": 43.37, ""personality_openness"": 52.2}",0.2,ok
S_P_61be4ea8a2,P_61be4ea8a2,"{""personality_agreeableness"": 76.5102, ""personality_conscientiousness"": 92.3443, ""personality_extraversion"": 16.4066, ""personality_neuroticism"": 22.8838, ""personality_openness"": 60.9055}",0.6242,"{""personality_agreeableness"": 50.0, ""personality_conscientiousness"": 50.0, ""personality_extraversion"": 50.0, ""personality_neuroticism"": 50.0, ""personality_openness"": 50.0}","{""personality_agreeableness"": 55.3, ""personality_conscientiousness"": 58.47, ""personality_extraversion"": 43.28, ""personality_neuroticism"": 44.58, ""personality_openness"": 52.18}",0.2,ok
S_P_64e36cb44f,P_64e36cb44f,"{""personality_agreeableness"": 86.9026, ""personality_conscientiousness"": 90.8748, ""personality_extraversion"": 29.7871, ""personality_neuroticism"": 11.9575, ""personality_openness"": 64.9814}",0.7067,"{""personality_agreeableness"": 50.0, ""personality_conscientiousness"": 50.0, ""personality_extraversion"": 50.0, ""personality_neuroticism"": 50.0, ""personality_openness"": 50.0}","{""personality_agreeableness"": 57.38, ""personality_conscientiousness"": 58.17, ""personality_extraversion"": 45.96, ""personality_neuroticism"": 42.39, ""personality_openness"": 53.0}",0.2,ok
S_P_67e7565388,P_67e7565388,"{""personality_agreeableness"": 85.6324, ""personality_conscientiousness"": 96.9032, ""personality_extraversion"": 9.5912, ""personality_neuroticism"": 15.0, ""personality_openness"": 62.6981}",0.6017,"{""personality_agreeableness"": 50.0, ""personality_conscientiousness"": 50.0, ""personality_extraversion"": 50.0, ""personality_neuroticism"": 50.0, ""personality_openness"": 50.0}","{""personality_agreeableness"": 57.13, ""personality_conscientiousness"": 59.38, ""personality_extraversion"": 41.92, ""personality_neuroticism"": 43.0, ""personality_openness"": 52.54}",0.2,ok
S_P_6ecb074317,P_6ecb074317,"{""personality_agreeableness"": 84.7418, ""personality_conscientiousness"": 98.9766, ""personality_extraversion"": 9.1018, ""personality_neuroticism"": 14.1818, ""personality_openness"": 62.1677}",0.55,"{""personality_agreeableness"": 50.0, ""personality_conscientiousness"": 50.0, ""personality_extraversion"": 50.0, ""personality_neuroticism"": 50.0, ""personality_openness"": 50.0}","{""personality_agreeableness"": 56.95, ""personality_conscientiousness"": 59.8, ""personality_extraversion"": 41.82, ""personality_neuroticism"": 42.84, ""personality_openness"": 52.43}",0.2,ok
S_P_7c4fcf4c91,P_7c4fcf4c91,"{""personality_agreeableness"": 86.3095, ""personality_conscientiousness"": 94.4343, ""personality_extraversion"": 25.1069, ""personality_neuroticism"": 11.9492, ""personality_openness"": 72.2059}",0.59,"{""personality_agreeableness"": 50.0, ""personality_conscientiousness"": 50.0, ""personality_extraversion"": 50.0, ""personality_neuroticism"": 50.0, ""personality_openness"": 50.0}","{""personality_agreeableness"": 57.26, ""personality_conscientiousness"": 58.89, ""personality_extraversion"": 45.02, ""personality_neuroticism"": 42.39, ""personality_openness"": 54.44}",0.2,ok
S_P_7f237bb8b9,P_7f237bb8b9,"{""personality_agreeableness"": 92.0391, ""personality_conscientiousness"": 96.7379, ""personality_extraversion"": 27.4271, ""personality_neuroticism"": 9.0632, ""personality_openness"": 70.9598}",0.7117,"{""personality_agreeableness"": 50.0, ""personality_conscientiousness"": 50.0, ""personality_extraversion"": 50.0, ""personality_neuroticism"": 50.0, ""personality_openness"": 50.0}","{""personality_agreeableness"": 58.41, ""personality_conscientiousness"": 59.35, ""personality_extraversion"": 45.49, ""personality_neuroticism"": 41.81, ""personality_openness"": 54.19}",0.2,ok
S_P_804d5451c2,P_804d5451c2,"{""personality_agreeableness"": 82.3501, ""personality_conscientiousness"": 95.1791, ""personality_extraversion"": 12.909, ""personality_neuroticism"": 16.562, ""personality_openness"": 62.0968}",0.605,"{""personality_agreeableness"": 50.0, ""personality_conscientiousness"": 50.0, ""personality_extraversion"": 50.0, ""personality_neuroticism"": 50.0, ""personality_openness"": 50.0}","{""personality_agreeableness"": 56.47, ""personality_conscientiousness"": 59.04, ""personality_extraversion"": 42.58, ""personality_neuroticism"": 43.31, ""personality_openness"": 52.42}",0.2,ok
S_P_8ef3d8ec3f,P_8ef3d8ec3f,"{""personality_agreeableness"": 83.5887, ""personality_conscientiousness"": 95.979, ""personality_extraversion"": 16.0513, ""personality_neuroticism"": 16.7484, ""personality_openness"": 63.6846}",0.6458,"{""personality_agreeableness"": 50.0, ""personality_conscientiousness"": 50.0, ""personality_extraversion"": 50.0, ""personality_neuroticism"": 50.0, ""personality_openness"": 50.0}","{""personality_agreeableness"": 56.72, ""personality_conscientiousness"": 59.2, ""personality_extraversion"": 43.21, ""personality_neuroticism"": 43.35, ""personality_openness"": 52.74}",0.2,ok
S_P_8f901ab43e,P_8f901ab43e,"{""personality_agreeableness"": 89.8318, ""personality_conscientiousness"": 96.7914, ""personality_extraversion"": 25.7869, ""personality_neuroticism"": 11.1934, ""personality_openness"": 69.1037}",0.7342,"{""personality_agreeableness"": 50.0, ""personality_conscientiousness"": 50.0, ""personality_extraversion"": 50.0, ""personality_neuroticism"": 50.0, ""personality_openness"": 50.0}","{""personality_agreeableness"": 57.97, ""personality_conscientiousness"": 59.36, ""personality_extraversion"": 45.16, ""personality_neuroticism"": 42.24, ""personality_openness"": 53.82}",0.2,ok
S_P_910f62751c,P_910f62751c,"{""personality_agreeableness"": 76.46, ""personality_conscientiousness"": 94.2943, ""personality_extraversion"": 12.1875, ""personality_neuroticism"": 21.25, ""personality_openness"": 59.7812}",0.54,"{""personality_agreeableness"": 50.0, ""personality_conscientiousness"": 50.0, ""personality_extraversion"": 50.0, ""personality_neuroticism"": 50.0, ""personality_openness"": 50.0}","{""personality_agreeableness"": 55.29, ""personality_conscientiousness"": 58.86, ""personality_extraversion"": 42.44, ""personality_neuroticism"": 44.25, ""personality_openness"": 51.96}",0.2,ok
S_P_99f74b3824,P_99f74b3824,"{""personality_agreeableness"": 75.559, ""personality_conscientiousness"": 94.5804, ""personality_extraversion"": 10.6997, ""personality_neuroticism"": 26.2235, ""personality_openness"": 61.2203}",0.5892,"{""personality_agreeableness"": 50.0, ""personality_conscientiousness"": 50.0, ""personality_extraversion"": 50.0, ""personality_neuroticism"": 50.0, ""personality_openness"": 50.0}","{""personality_agreeableness"": 55.11, ""personality_conscientiousness"": 58.92, ""personality_extraversion"": 42.14, ""personality_neuroticism"": 45.24, ""personality_openness"": 52.24}",0.2,ok
S_P_c5b4fe504a,P_c5b4fe504a,"{""personality_agreeableness"": 85.1479, ""personality_conscientiousness"": 94.0896, ""personality_extraversion"": 13.0973, ""personality_neuroticism"": 14.1226, ""personality_openness"": 60.4016}",0.5983,"{""personality_agreeableness"": 50.0, ""personality_conscientiousness"": 50.0, ""personality_extraversion"": 50.0, ""personality_neuroticism"": 50.0, ""personality_openness"": 50.0}","{""personality_agreeableness"": 57.03, ""personality_conscientiousness"": 58.82, ""personality_extraversion"": 42.62, ""personality_neuroticism"": 42.82, ""personality_openness"": 52.08}",0.2,ok
S_P_c7408dd487,P_c7408dd487,"{""personality_agreeableness"": 65.9424, ""personality_conscientiousness"": 77.4312, ""personality_extraversion"": 12.087, ""personality_neuroticism"": 30.0, ""personality_openness"": 38.9181}",0.52,"{""personality_agreeableness"": 50.0, ""personality_conscientiousness"": 50.0, ""personality_extraversion"": 50.0, ""personality_neuroticism"": 50.0, ""personality_openness"": 50.0}","{""personality_agreeableness"": 53.19, ""personality_conscientiousness"": 55.49, ""personality_extraversion"": 42.42, ""personality_neuroticism"": 46.0, ""personality_openness"": 47.78}",0.2,ok
S_P_d28ed72b52,P_d28ed72b52,"{""personality_agreeableness"": 69.43, ""personality_conscientiousness"": 94.0212, ""personality_extraversion"": 10.9935, ""personality_neuroticism"": 30.0, ""personality_openness"": 62.9638}",0.52,"{""personality_agreeableness"": 50.0, ""personality_conscientiousness"": 50.0, ""personality_extraversion"": 50.0, ""personality_neuroticism"": 50.0, ""personality_openness"": 50.0}","{""personality_agreeableness"": 53.89, ""personality_conscientiousness"": 58.8, ""personality_extraversion"": 42.2, ""personality_neuroticism"": 46.0, ""personality_openness"": 52.59}",0.2,ok
S_P_da97514638,P_da97514638,"{""personality_agreeableness"": 88.2515, ""personality_conscientiousness"": 96.5761, ""personality_extraversion"": 23.7907, ""personality_neuroticism"": 13.1604, ""personality_openness"": 72.0829}",0.7067,"{""personality_agreeableness"": 50.0, ""personality_conscientiousness"": 50.0, ""personality_extraversion"": 50.0, ""personality_neuroticism"": 50.0, ""personality_openness"": 50.0}","{""personality_agreeableness"": 57.65, ""personality_conscientiousness"": 59.32, ""personality_extraversion"": 44.76, ""personality_neuroticism"": 42.63, ""personality_openness"": 54.42}",0.2,ok
S_P_ddeb7f5649,P_ddeb7f5649,"{""personality_agreeableness"": 88.6924, ""personality_conscientiousness"": 89.6432, ""personality_extraversion"": 28.4397, ""personality_neuroticism"": 10.6582, ""personality_openness"": 64.7306}",0.7217,"{""personality_agreeableness"": 50.0, ""personality_conscientiousness"": 50.0, ""personality_extraversion"": 50.0, ""personality_neuroticism"": 50.0, ""personality_openness"": 50.0}","{""personality_agreeableness"": 57.74, ""personality_conscientiousness"": 57.93, ""personality_extraversion"": 45.69, ""personality_neuroticism"": 42.13, ""personality_openness"": 52.95}",0.2,ok
S_P_ec2d573723,P_ec2d573723,"{""personality_agreeableness"": 74.7508, ""personality_conscientiousness"": 94.8658, ""personality_extraversion"": 9.637, ""personality_neuroticism"": 24.6729, ""personality_openness"": 60.0929}",0.535,"{""personality_agreeableness"": 50.0, ""personality_conscientiousness"": 50.0, ""personality_extraversion"": 50.0, ""personality_neuroticism"": 50.0, ""personality_openness"": 50.0}","{""personality_agreeableness"": 54.95, ""personality_conscientiousness"": 58.97, ""personality_extraversion"": 41.93, ""personality_neuroticism"": 44.93, ""personality_openness"": 52.02}",0.2,ok
S_P_f2f8dabf10,P_f2f8dabf10,"{""personality_agreeableness"": 77.2272, ""personality_conscientiousness"": 95.6697, ""personality_extraversion"": 14.4376, ""personality_neuroticism"": 19.9548, ""personality_openness"": 61.0615}",0.5533,"{""personality_agreeableness"": 50.0, ""personality_conscientiousness"": 50.0, ""personality_extraversion"": 50.0, ""personality_neuroticism"": 50.0, ""personality_openness"": 50.0}","{""personality_agreeableness"": 55.45, ""personality_conscientiousness"": 59.13, ""personality_extraversion"": 42.89, ""personality_neuroticism"": 43.99, ""personality_openness"": 52.21}",0.2,ok
